cmpdname,canonicalsmiles,LightGBM_Pred,LightGBM_Proba,ExtraTrees_Pred,ExtraTrees_Proba,KNN_Pred,KNN_Proba,MW,LogP,HBD,HBA,Lipinski_Violations,Failed_Rules
C53H96O6,CCCCCCCCC=CCCCCCCCC(=O)OC(CCCCCCCCCCCCC1=CC(C)OC1=O)C1CCC(C(O)CCCCCCCCCCCC)O1,1,0.5497794648861043,1,0.8065844155844155,1,1.0,829.3449999999997,15.708099999999963,1,6,2,MW>500; LogP>5
C37H66O8,CCCCCCCCCCC(O)C1CCC(C2CCC(C(O)C(O)CCCCCCCCCC(O)CC3=CC(C)OC3=O)O2)O1,1,0.9836025713808473,1,0.8488354978354977,1,1.0,638.9270000000005,6.828700000000009,4,8,2,MW>500; LogP>5
C37H66O7,CCCCCCCCCCC(O)C(O)CCC(O)C1CCC(C2CCC(CCCCCCCCCC3=CC(C)OC3=O)O2)O1,1,0.9998403225882446,1,0.9555627705627707,1,1.0,622.9280000000007,7.85790000000001,3,7,2,MW>500; LogP>5
C35H64O8,CCCCCCCCCC(O)CCCCC(O)C(O)CCC(O)C1CCC(CCCCCC(O)CC2=CC(C)OC2=O)O1,1,0.5167906963610843,1,0.7784426807760141,1,1.0,612.8890000000005,6.032100000000008,5,8,2,MW>500; LogP>5
C37H66O8,CCCCCCCCCC(O)CCCCC(O)C1CCC(C(O)CCCCC(=O)CCCCCC(O)CC2=CC(C)OC2=O)O1,1,0.8936252678505624,1,0.8005396825396826,1,1.0,638.9270000000005,7.02050000000001,4,8,2,MW>500; LogP>5
